Event Name,URL
ALL RESULTS,https://www.marathonguide.com/results/browse.cfm?MIDD=40422250427&year=2025
ALL RESULTS,https://www.marathonguide.com/results/browse.cfm?MIDD=62195250427&year=2025
ALL RESULTS,https://www.marathonguide.com/results/browse.cfm?MIDD=66966250427&year=2025
ALL RESULTS,https://www.marathonguide.com/results/browse.cfm?MIDD=66901250427&year=2025
ALL RESULTS,https://www.marathonguide.com/results/browse.cfm?MIDD=66899250427&year=2025
ALL RESULTS,https://www.marathonguide.com/results/browse.cfm?MIDD=67604250427&year=2025
ALL RESULTS,https://www.marathonguide.com/results/browse.cfm?MIDD=68849250427&year=2025
ALL RESULTS,https://www.marathonguide.com/results/browse.cfm?MIDD=68338250427&year=2025
ALL RESULTS,https://www.marathonguide.com/results/browse.cfm?MIDD=71665250427&year=2025
ALL RESULTS,https://www.marathonguide.com/results/browse.cfm?MIDD=67641250427&year=2025
ALL RESULTS,https://www.marathonguide.com/results/browse.cfm?MIDD=71958250427&year=2025
ALL RESULTS,https://www.marathonguide.com/results/browse.cfm?MIDD=67670250427&year=2025
ALL RESULTS,https://www.marathonguide.com/results/browse.cfm?MIDD=67465250427&year=2025
ALL RESULTS,https://www.marathonguide.com/results/browse.cfm?MIDD=67655250426&year=2025
ALL RESULTS,https://www.marathonguide.com/results/browse.cfm?MIDD=2013250426&year=2025
ALL RESULTS,https://www.marathonguide.com/results/browse.cfm?MIDD=67044250426&year=2025
ALL RESULTS,https://www.marathonguide.com/results/browse.cfm?MIDD=16474250426&year=2025
ALL RESULTS,https://www.marathonguide.com/results/browse.cfm?MIDD=68698250426&year=2025
ALL RESULTS,https://www.marathonguide.com/results/browse.cfm?MIDD=27724250426&year=2025
ALL RESULTS,https://www.marathonguide.com/results/browse.cfm?MIDD=2013250426&year=2025
ALL RESULTS,https://www.marathonguide.com/results/browse.cfm?MIDD=68293250426&year=2025
ALL RESULTS,https://www.marathonguide.com/results/browse.cfm?MIDD=68698250426&year=2025
ALL RESULTS,https://www.marathonguide.com/results/browse.cfm?MIDD=25512250421&year=2025
ALL RESULTS,https://www.marathonguide.com/results/browse.cfm?MIDD=23726250420&year=2025
ALL RESULTS,https://www.marathonguide.com/results/browse.cfm?MIDD=30357250419&year=2025
ALL RESULTS,https://www.marathonguide.com/results/browse.cfm?MIDD=31666250419&year=2025
ALL RESULTS,https://www.marathonguide.com/results/browse.cfm?MIDD=69894250419&year=2025
ALL RESULTS,https://www.marathonguide.com/results/browse.cfm?MIDD=36179250419&year=2025
ALL RESULTS,https://www.marathonguide.com/results/browse.cfm?MIDD=41039250419&year=2025
ALL RESULTS,https://www.marathonguide.com/results/browse.cfm?MIDD=71577250419&year=2025
ALL RESULTS,https://www.marathonguide.com/results/browse.cfm?MIDD=12817250419&year=2025
ALL RESULTS,https://www.marathonguide.com/results/browse.cfm?MIDD=71577250419&year=2025
ALL RESULTS,https://www.marathonguide.com/results/browse.cfm?MIDD=2118250418&year=2025
ALL RESULTS,https://www.marathonguide.com/results/browse.cfm?MIDD=69693250417&year=2025
ALL RESULTS,https://www.marathonguide.com/results/browse.cfm?MIDD=69695250416&year=2025
ALL RESULTS,https://www.marathonguide.com/results/browse.cfm?MIDD=69694250415&year=2025
ALL RESULTS,https://www.marathonguide.com/results/browse.cfm?MIDD=34172250414&year=2025
ALL RESULTS,https://www.marathonguide.com/results/browse.cfm?MIDD=67313250413&year=2025
ALL RESULTS,https://www.marathonguide.com/results/browse.cfm?MIDD=71797250413&year=2025
ALL RESULTS,https://www.marathonguide.com/results/browse.cfm?MIDD=69409250413&year=2025
ALL RESULTS,https://www.marathonguide.com/results/browse.cfm?MIDD=71662250413&year=2025
ALL RESULTS,https://www.marathonguide.com/results/browse.cfm?MIDD=71611250413&year=2025
ALL RESULTS,https://www.marathonguide.com/results/browse.cfm?MIDD=67323250413&year=2025
ALL RESULTS,https://www.marathonguide.com/results/browse.cfm?MIDD=71797250413&year=2025
ALL RESULTS,https://www.marathonguide.com/results/browse.cfm?MIDD=71611250413&year=2025
ALL RESULTS,https://www.marathonguide.com/results/browse.cfm?MIDD=71539250413&year=2025
ALL RESULTS,https://www.marathonguide.com/results/browse.cfm?MIDD=71662250413&year=2025
ALL RESULTS,https://www.marathonguide.com/results/browse.cfm?MIDD=69918250412&year=2025
ALL RESULTS,https://www.marathonguide.com/results/browse.cfm?MIDD=30512250412&year=2025
ALL RESULTS,https://www.marathonguide.com/results/browse.cfm?MIDD=72029250412&year=2025
ALL RESULTS,https://www.marathonguide.com/results/browse.cfm?MIDD=14496250412&year=2025
ALL RESULTS,https://www.marathonguide.com/results/browse.cfm?MIDD=67458250412&year=2025
ALL RESULTS,https://www.marathonguide.com/results/browse.cfm?MIDD=16259250412&year=2025
ALL RESULTS,https://www.marathonguide.com/results/browse.cfm?MIDD=6837250412&year=2025
ALL RESULTS,https://www.marathonguide.com/results/browse.cfm?MIDD=68444250412&year=2025
ALL RESULTS,https://www.marathonguide.com/results/browse.cfm?MIDD=68444250412&year=2025
ALL RESULTS,https://www.marathonguide.com/results/browse.cfm?MIDD=22727250412&year=2025
ALL RESULTS,https://www.marathonguide.com/results/browse.cfm?MIDD=71883250406&year=2025
ALL RESULTS,https://www.marathonguide.com/results/browse.cfm?MIDD=67737250406&year=2025
ALL RESULTS,https://www.marathonguide.com/results/browse.cfm?MIDD=66963250406&year=2025
ALL RESULTS,https://www.marathonguide.com/results/browse.cfm?MIDD=67142250406&year=2025
ALL RESULTS,https://www.marathonguide.com/results/browse.cfm?MIDD=67043250406&year=2025
ALL RESULTS,https://www.marathonguide.com/results/browse.cfm?MIDD=70447250406&year=2025
ALL RESULTS,https://www.marathonguide.com/results/browse.cfm?MIDD=68693250406&year=2025
ALL RESULTS,https://www.marathonguide.com/results/browse.cfm?MIDD=67128250405&year=2025
ALL RESULTS,https://www.marathonguide.com/results/browse.cfm?MIDD=67479250405&year=2025
ALL RESULTS,https://www.marathonguide.com/results/browse.cfm?MIDD=19351250405&year=2025
ALL RESULTS,https://www.marathonguide.com/results/browse.cfm?MIDD=67479250405&year=2025
ALL RESULTS,https://www.marathonguide.com/results/browse.cfm?MIDD=19351250405&year=2025
ALL RESULTS,https://www.marathonguide.com/results/browse.cfm?MIDD=8301250405&year=2025
ALL RESULTS,https://www.marathonguide.com/results/browse.cfm?MIDD=67042250330&year=2025
ALL RESULTS,https://www.marathonguide.com/results/browse.cfm?MIDD=71384250330&year=2025
ALL RESULTS,https://www.marathonguide.com/results/browse.cfm?MIDD=71518250329&year=2025
ALL RESULTS,https://www.marathonguide.com/results/browse.cfm?MIDD=12371250329&year=2025
ALL RESULTS,https://www.marathonguide.com/results/browse.cfm?MIDD=21605250329&year=2025
ALL RESULTS,https://www.marathonguide.com/results/browse.cfm?MIDD=26721250329&year=2025
ALL RESULTS,https://www.marathonguide.com/results/browse.cfm?MIDD=16921250329&year=2025
ALL RESULTS,https://www.marathonguide.com/results/browse.cfm?MIDD=69915250329&year=2025
ALL RESULTS,https://www.marathonguide.com/results/browse.cfm?MIDD=16921250329&year=2025
ALL RESULTS,https://www.marathonguide.com/results/browse.cfm?MIDD=69030250327&year=2025
ALL RESULTS,https://www.marathonguide.com/results/browse.cfm?MIDD=69707250326&year=2025
ALL RESULTS,https://www.marathonguide.com/results/browse.cfm?MIDD=9866250325&year=2025
ALL RESULTS,https://www.marathonguide.com/results/browse.cfm?MIDD=9370250324&year=2025
ALL RESULTS,https://www.marathonguide.com/results/browse.cfm?MIDD=26498250323&year=2025
ALL RESULTS,https://www.marathonguide.com/results/browse.cfm?MIDD=61757250323&year=2025
ALL RESULTS,https://www.marathonguide.com/results/browse.cfm?MIDD=5155250322&year=2025
ALL RESULTS,https://www.marathonguide.com/results/browse.cfm?MIDD=71814250322&year=2025
ALL RESULTS,https://www.marathonguide.com/results/browse.cfm?MIDD=29190250322&year=2025
ALL RESULTS,https://www.marathonguide.com/results/browse.cfm?MIDD=71213250322&year=2025
ALL RESULTS,https://www.marathonguide.com/results/browse.cfm?MIDD=4831250321&year=2025
ALL RESULTS,https://www.marathonguide.com/results/browse.cfm?MIDD=65260250320&year=2025
ALL RESULTS,https://www.marathonguide.com/results/browse.cfm?MIDD=45534250319&year=2025
ALL RESULTS,https://www.marathonguide.com/results/browse.cfm?MIDD=65960250318&year=2025
ALL RESULTS,https://www.marathonguide.com/results/browse.cfm?MIDD=5177250317&year=2025
ALL RESULTS,https://www.marathonguide.com/results/browse.cfm?MIDD=71861250316&year=2025
ALL RESULTS,https://www.marathonguide.com/results/browse.cfm?MIDD=69533250316&year=2025
ALL RESULTS,https://www.marathonguide.com/results/browse.cfm?MIDD=50597250316&year=2025
ALL RESULTS,https://www.marathonguide.com/results/browse.cfm?MIDD=66893250316&year=2025
ALL RESULTS,https://www.marathonguide.com/results/browse.cfm?MIDD=66965250316&year=2025
ALL RESULTS,https://www.marathonguide.com/results/browse.cfm?MIDD=67923250315&year=2025
ALL RESULTS,https://www.marathonguide.com/results/browse.cfm?MIDD=68936250315&year=2025
ALL RESULTS,https://www.marathonguide.com/results/browse.cfm?MIDD=68936250315&year=2025
ALL RESULTS,https://www.marathonguide.com/results/browse.cfm?MIDD=67923250315&year=2025
ALL RESULTS,https://www.marathonguide.com/results/browse.cfm?MIDD=61359250309&year=2025
ALL RESULTS,https://www.marathonguide.com/results/browse.cfm?MIDD=70663250309&year=2025
ALL RESULTS,https://www.marathonguide.com/results/browse.cfm?MIDD=67864250308&year=2025
ALL RESULTS,https://www.marathonguide.com/results/browse.cfm?MIDD=26988250308&year=2025
ALL RESULTS,https://www.marathonguide.com/results/browse.cfm?MIDD=68758250308&year=2025
ALL RESULTS,https://www.marathonguide.com/results/browse.cfm?MIDD=68013250308&year=2025
ALL RESULTS,https://www.marathonguide.com/results/browse.cfm?MIDD=34114250308&year=2025
ALL RESULTS,https://www.marathonguide.com/results/browse.cfm?MIDD=70662250308&year=2025
ALL RESULTS,https://www.marathonguide.com/results/browse.cfm?MIDD=67449250308&year=2025
ALL RESULTS,https://www.marathonguide.com/results/browse.cfm?MIDD=71890250308&year=2025
ALL RESULTS,https://www.marathonguide.com/results/browse.cfm?MIDD=68758250308&year=2025
ALL RESULTS,https://www.marathonguide.com/results/browse.cfm?MIDD=11098250308&year=2025
ALL RESULTS,https://www.marathonguide.com/results/browse.cfm?MIDD=34114250308&year=2025
ALL RESULTS,https://www.marathonguide.com/results/browse.cfm?MIDD=56569250302&year=2025
ALL RESULTS,https://www.marathonguide.com/results/browse.cfm?MIDD=66962250302&year=2025
ALL RESULTS,https://www.marathonguide.com/results/browse.cfm?MIDD=48851250302&year=2025
ALL RESULTS,https://www.marathonguide.com/results/browse.cfm?MIDD=67457250302&year=2025
ALL RESULTS,https://www.marathonguide.com/results/browse.cfm?MIDD=40563250302&year=2025
ALL RESULTS,https://www.marathonguide.com/results/browse.cfm?MIDD=67870250302&year=2025
ALL RESULTS,https://www.marathonguide.com/results/browse.cfm?MIDD=67475250301&year=2025
ALL RESULTS,https://www.marathonguide.com/results/browse.cfm?MIDD=28692250301&year=2025
ALL RESULTS,https://www.marathonguide.com/results/browse.cfm?MIDD=69134250301&year=2025
ALL RESULTS,https://www.marathonguide.com/results/browse.cfm?MIDD=71854250301&year=2025
ALL RESULTS,https://www.marathonguide.com/results/browse.cfm?MIDD=69941250301&year=2025
ALL RESULTS,https://www.marathonguide.com/results/browse.cfm?MIDD=67698250301&year=2025
ALL RESULTS,https://www.marathonguide.com/results/browse.cfm?MIDD=70849250301&year=2025
ALL RESULTS,https://www.marathonguide.com/results/browse.cfm?MIDD=69134250301&year=2025
ALL RESULTS,https://www.marathonguide.com/results/browse.cfm?MIDD=67475250301&year=2025
ALL RESULTS,https://www.marathonguide.com/results/browse.cfm?MIDD=67912250223&year=2025
ALL RESULTS,https://www.marathonguide.com/results/browse.cfm?MIDD=50968250223&year=2025
ALL RESULTS,https://www.marathonguide.com/results/browse.cfm?MIDD=24853250223&year=2025
ALL RESULTS,https://www.marathonguide.com/results/browse.cfm?MIDD=71841250222&year=2025
ALL RESULTS,https://www.marathonguide.com/results/browse.cfm?MIDD=57528250222&year=2025
ALL RESULTS,https://www.marathonguide.com/results/browse.cfm?MIDD=40666250222&year=2025
